{
    "variables": {
        "ssh_name": "shelluser",
        "ssh_pass": "shelluser"
    },
    "provisioners": [
        {
            "type": "file",
            "source": "../NetSUSLPInstaller.run",
            "destination": "/home/shelluser/NetSUSLPInstaller.run"
        }
    ],
    "builders": [
        {
            "type": "virtualbox-iso",
            "guest_os_type": "Ubuntu_64",
            "boot_command": [
                "<esc><wait>",
                "<esc><wait>",
                "<enter><wait>",
                "/install/vmlinuz",
                " netcfg/get_domain=vm<wait>",
                " netcfg/get_hostname=NetSUSLP<wait>",
                " auto=true",
                " priority=critical",
                " initrd=/install/initrd.gz",
                " preseed/url=http://{{ .HTTPIP }}:{{ .HTTPPort }}/preseed.cfg",
                " -- ",
                "<enter>"
            ],
            "vboxmanage": [
                [
                    "modifyvm",
                    "{{.Name}}",
                    "--vram",
                    "12"
                ],
                [
                    "modifyvm",
                    "{{.Name}}",
                    "--cpus",
                    "2"
                ],
                [
                    "modifyvm",
                    "{{.Name}}",
                    "--memory",
                    "2048"
                ],
                [
                    "modifyvm",
                    "{{.Name}}",
                    "--nic1",
                    "nat"
                ]
            ],
            "vm_name": "NetSUSLP_Setup",
            "format": "ovf",
            "headless": true,
            "disk_size": 307200,
            "guest_additions_mode": "disable",
            "iso_url": "http://releases.ubuntu.com/trusty/ubuntu-14.04.4-server-amd64.iso",
            "iso_checksum": "2ac1f3e0de626e54d05065d6f549fa3a",
            "iso_checksum_type": "md5",
            "http_directory": "http",
            "http_port_min": 9001,
            "http_port_max": 9001,
            "ssh_username": "{{user `ssh_name`}}",
            "ssh_password": "{{user `ssh_pass`}}",
            "ssh_wait_timeout": "10000s",
            "shutdown_command": "echo {{user `ssh_pass`}} | sudo -S shutdown -P now"
        }
    ]
}